acousticness,danceability,duration_ms,energy,id,instrumentalness,liveness,loudness,speechiness,tempo_normalised,tempo,valence,Popularity,Language,Genre0.0073,0.664,233293,0.576,61HHDBLqF3AmSvLfHKNGd2,6.28E-05,0.0912,-5.395,0.0349,0.5308375,134.934,0.121,50,Spanish,Latin Pop0.0897,0.745,223613,0.921,5i50gKdLAjjIr7UxRT5IVy,0,0.178,-2.674,0.082,0.26858125,92.973,0.651,50,Spanish,Latin Pop0.163,0.817,207200,0.869,7lRsNbdOGykkMAgsqs4R1C,0.00226,0.0497,-4.791,0.18,0.28768125,96.029,0.561,50,Spanish,Latin Pop0.116,0.685,204520,0.859,4okba5wu9mMLXx79DXLKi3,0,0.317,-2.595,0.0553,0.7876125,176.018,0.891,50,Spanish,Reggaeton0.154,0.889,201280,0.853,6qDF4wWL49CAVbgT7yuHl8,0.000107,0.205,-4.26,0.241,0.2688875,93.022,0.922,50,Spanish,Reggaeton0.155,0.773,223381,0.74,6pLKMPAUlBCjHjylj2Nbd9,0.514,0.159,-7.21,0.0895,0.41889375,117.023,0.226,50,German,Hip Hop0.246,0.708,271080,0.693,22eADXu8DfOAUEDw4vU8qy,0,0.129,-5.516,0.138,0.58728125,143.965,0.427,50,Spanish,Latin Trap0.142,0.776,228467,0.669,5J1c3M4EldCfNxXwrwt8mT,0,0.219,-4.933,0.0638,0.256325,91.012,0.661,50,Spanish,Latin Pop0.00812,0.789,167311,0.767,3ibRxEv4KkcU9e259eyNJA,0.000348,0.101,-4.612,0.0715,0.31223125,99.957,0.637,50,Spanish,Latin Trap0.551,0.508,205600,0.687,6rQSrBHf7HlZjtcMZ4S4bO,3.41E-06,0.126,-4.361,0.326,0.812775,180.044,0.555,50,Spanish,Reggaeton0.0106,0.782,265747,0.868,693iqPOQvhI7PobtR8CC8v,0.00252,0.29,-1.715,0.04,0.2877625,96.042,0.884,50,Spanish,Reggaeton0.0245,0.747,232787,0.864,2cnKEkpVUSV4wnjQiTWfH6,4.46E-05,0.0853,-3.181,0.0599,0.262675,92.028,0.754,50,Spanish,Dance0.0309,0.792,205520,0.819,209gZgcfLq2aUuu51vOWBl,0,0.389,-5.418,0.0867,0.249875,89.98,0.433,50,Spanish,Latin Pop0.231,0.755,229849,0.789,0qYTZCo5Bwh1nsUFGZP3zn,0,0.351,-4.502,0.146,0.27483125,93.973,0.737,50,Spanish,Reggaeton0.0148,0.543,189440,0.677,2rb5MvYT7ZIxbKW5hfcHx8,6.21E-06,0.13,-4.915,0.0993,0.33630625,103.809,0.294,50,Spanish,Reggaeton0.209,0.66,228200,0.786,4aWmUDTfIPGksMNLV2rQP2,0,0.112,-4.757,0.17,0.79895625,177.833,0.846,50,Spanish,Reggaeton0.229,0.694,228827,0.815,5CtI0qwDJkDQGwXD1H1cLb,0,0.0924,-4.328,0.12,0.24331875,88.931,0.813,50,Spanish,Reggaeton0.0294,0.702,205209,0.844,19MBk3PbNFE36wqIqkMq9H,0,0.38,-4.054,0.0769,0.31276875,100.043,0.786,50,Spanish,Latin Pop0.174,0.649,219683,0.895,6752EZMgXswvRBH3N2PilO,1.95E-06,0.095,-1.358,0.0394,0.7754625,174.074,0.664,50,Spanish,Reggaeton0.187,0.836,217653,0.799,00EPIEnX1JFjff8sC6bccd,0,0.092,-4.247,0.0873,0.27520625,94.033,0.772,50,Spanish,Latin Pop0.16,0.512,367680,0.452,7nD2JPaxIKUdxd2UWgnaGL,0,0.0672,-7.217,0.124,0.18775,80.04,0.364,50,Spanish,Latin Pop0.831,0.793,208080,0.557,7glCSQqV5o6NU88Cn4zPZn,4.45E-06,0.103,-5.618,0.1,0.4382375,120.118,0.468,50,Spanish,Latin Trap0.205,0.735,193118,0.482,0Szp49tpFasIjX04Mcsydp,0.000194,0.0894,-9.21,0.0508,0.78691875,175.907,0.795,50,Spanish,Latin Pop0.216,0.84,221214,0.596,2r77vqSZkOktTSgmAOoHsV,0,0.0897,-4.319,0.0918,0.56210625,139.937,0.71,51,Spanish,Latin Trap0.0322,0.665,209355,0.86,2CWnuF7ht55Ajyeg4WPvWu,0,0.281,-3.921,0.0761,0.56233125,139.973,0.372,56,Korean,K-pop0.123,0.673,215880,0.907,5xMzazov0IHYllrc8U2K6F,0,0.423,-3.716,0.074,0.369,109.04,0.768,64,Spanish,Latin Pop0.0117,0.695,141317,0.775,05rJdH2MRLJ3sQoEUO78qs,0.191,0.0702,-5.041,0.0887,0.8128375,180.054,0.869,65,Spanish,Dancehall0.279,0.612,222101,0.687,0NmyHZZMfVBiUSOfDmz9Bf,0,0.209,-7.093,0.182,0.31211875,99.939,0.305,66,Italian,Pop0.0131,0.668,180304,0.526,2Ab1wPTEqulaCGoBak1gUo,0,0.147,-6.174,0.0352,0.53145,135.032,0.42,67,Spanish,Latin Pop0.0345,0.724,181048,0.809,13X0XdLMOdtbXVtAj2ox4h,0,0.169,-4.96,0.056,0.28148125,95.037,0.496,67,Spanish,R&B0.303,0.79,192000,0.858,6XBjCetHKdO5L9cwMDVffw,0,0.61,-2.78,0.0471,0.2628125,92.05,0.79,68,Spanish,Latin Pop0.372,0.773,187125,0.57,3rPAD722s5FFNnwjC91t7Z,0.00524,0.108,-3.482,0.113,0.2814875,95.038,0.772,68,Spanish,Dancehall0.947,0.528,187653,0.486,1AVu7Kc2MRrLfOG1RCEf07,1.28E-06,0.119,-5.267,0.0528,0.3619125,107.906,0.251,70,Spanish,Reggaeton0.226,0.69,252200,0.872,4N1c5rmWOzRmB9SMacr5wB,0,0.0858,-2.984,0.0588,0.275,94,0.731,70,Spanish,Latin Pop0.0907,0.723,225221,0.906,0usLRFLmYXYahKNgXxsuJc,0,0.0771,-4.778,0.279,0.46886875,125.019,0.398,71,Korean,K-pop0.548,0.629,195484,0.581,0m0Ew7RcwZaBS8psxgE00P,0,0.127,-7.541,0.0577,0.4623875,123.982,0.388,72,Turkish,Hip Hop0.204,0.685,221027,0.731,4yN6xPLopmTLvc27pO9LIE,0,0.0722,-5.119,0.093,0.79945,177.912,0.786,72,Spanish,Reggaeton0.0482,0.681,220117,0.788,1j6xOGusnyXq3l6IryKF3G,0,0.0753,-4.323,0.0785,0.75011875,170.019,0.839,73,Spanish,Reggaeton0.237,0.686,224483,0.842,4EjUFjzi4ErWjklOA3Aslu,0,0.0683,-4.423,0.1,0.41215,115.944,0.519,73,Korean,K-pop0.678,0.663,157076,0.685,5ojNTROUJJgCFFbdD3xTZn,0,0.122,-6.163,0.163,0.5489625,137.834,0.312,73,German,Hip Hop0.333,0.737,234829,0.709,6r46lnXFbE9fr2d3KNaGbe,0,0.289,-6.889,0.045,0.47498125,125.997,0.556,74,Spanish,Bachata0.128,0.734,235315,0.793,5bITfqKGaPakO1l99hOMsI,0,0.0658,-4.731,0.0454,0.24975625,89.961,0.511,74,Spanish,Latin Pop0.429,0.684,245440,0.762,2alIsNw1mqEShbWyO1HXZZ,0,0.0852,-5.18,0.0501,0.76255625,172.009,0.892,74,Spanish,Latin Pop0.181,0.707,246334,0.791,1ZPpGPko8oULTmi34rozMh,0,0.102,-4.481,0.035,0.35615625,106.985,0.678,74,Korean,K-pop0.233,0.784,166725,0.654,3aYAAXlB1yvUs5MJ0FI3bh,0,0.163,-6.674,0.283,0.300225,98.036,0.661,74,German,Hip Hop0.0849,0.751,159518,0.529,5d35jcJj7WjDQBOHCHPY6t,0,0.0944,-7.407,0.143,0.3141375,100.262,0.33,74,German,Hip Hop0.00431,0.663,259196,0.92,7DM4BPaS7uofFul3ywMe46,1.69E-05,0.101,-4.07,0.226,0.31209375,99.935,0.533,75,Spanish,Latin Pop0.0273,0.8,170133,0.841,17UUYZ290omPaJY4wKeyHh,0,0.291,-2.817,0.0524,0.27513125,94.021,0.798,75,Spanish,Reggaeton0.547,0.76,210323,0.838,5hEM0JchdVzQ5PwvSfITeX,1.30E-06,0.0664,-3.828,0.0529,0.2690625,93.05,0.745,75,Spanish,Latin Pop0.00219,0.709,260234,0.857,03iCbZaM4OkRR4We6wIzvx,0,0.103,-3.394,0.0881,0.4752375,126.038,0.446,75,Korean,K-pop0.445,0.347,276708,0.578,5cQB9fbuQCz4muQUFkv3rR,0,0.231,-7.525,0.0626,0.2295625,86.73,0.226,75,Korean,K-pop0.0101,0.823,183046,0.56,63THFs9ovzO3WQsz4lzh0H,2.86E-05,0.126,-7.057,0.0629,0.6059875,146.958,0.371,75,German,Hip Hop0.00852,0.51,240339,0.842,0EQMrxdeiBhry9JCxskko3,0,0.346,-2.782,0.103,0.23503125,87.605,0.302,75,Korean,K-pop0.614,0.845,187213,0.663,6rbhaJsE4uLzpPf8WYSHDK,0,0.114,-5.233,0.27,0.27634375,94.215,0.508,76,Spanish,Hip Hop0.0328,0.726,173720,0.889,2hl6q70unbviGo3g1R7uFx,0,0.0925,-3.655,0.0429,0.28765,96.024,0.649,76,Spanish,Latin Pop0.172,0.644,198627,0.68,3uB8KqnEoQq5bTQ1JFHJ7Y,4.06E-05,0.0435,-3.863,0.24,0.47165625,125.465,0.683,76,German,Hip Hop0.205,0.74,219600,0.74,2XVilv6s9GETnw9PG4T9Mz,0,0.107,-3.647,0.0686,0.2746875,93.95,0.717,77,Spanish,Reggaeton0.228,0.635,204701,0.713,0ERbK7qVqveCaBWIiYCrl3,0,0.0506,-6.909,0.0937,0.81165,179.864,0.749,77,Spanish,Reggaeton0.138,0.866,200347,0.859,4178A5NkEjcsGc64jpBO6d,0,0.401,-3.087,0.0587,0.374825,109.972,0.923,77,Spanish,Folk0.188,0.772,242160,0.803,6U2NuJILEOEpW2tVCuqKHb,0,0.434,-3.035,0.0468,0.28113125,94.981,0.853,77,Spanish,Reggaeton0.138,0.878,190909,0.555,0r9d60ZYPAlFHq8qnUtkXN,1.34E-06,0.151,-7.639,0.202,0.23768125,88.029,0.751,77,Spanish,Hip Hop0.299,0.815,196320,0.784,38QmUDpkoYlNbMKvpvAsrE,0,0.0958,-4.423,0.0738,0.7059875,162.958,0.832,77,Spanish,Latin Trap0.0559,0.832,209453,0.772,3QwBODjSEzelZyVjxPOHdq,0.000486,0.44,-5.429,0.1,0.2876,96.016,0.704,77,Spanish,Reggaeton0.4,0.761,222560,0.838,3AEZUABDXNtecAOSC1qTfo,0,0.176,-3.073,0.0502,0.2748375,93.974,0.71,77,Spanish,Reggaeton0.0744,0.684,208163,0.823,7nKBxz47S9SD79N086fuhn,0,0.111,-3.297,0.0773,0.25655,91.048,0.647,77,Spanish,Latin Pop0.0983,0.78,171375,0.521,7iTTQvztpfrDneVSX9IGBD,0.000125,0.0967,-5.094,0.123,0.68804375,160.087,0.643,77,French,Hip Hop0.352,0.746,179693,0.703,33zcmmElV1YbRZe57biUjg,0,0.331,-4.179,0.107,0.72526875,166.043,0.667,78,Spanish,Latin Pop0.94,0.573,233930,0.31,3RD0PGolM0mETGHaprwgMn,5.65E-06,0.198,-11.134,0.296,0.79750625,177.601,0.764,78,Spanish,Latin Trap0.111,0.769,207720,0.721,31M5m42C3EGlbydf9XB5to,5.90E-05,0.0505,-4.483,0.153,0.2811125,94.978,0.618,78,Spanish,Reggaeton0.549,0.788,213027,0.477,7MHN1aCFtLXjownGhvEQlF,0,0.349,-7.348,0.0434,0.28114375,94.983,0.86,78,Spanish,Latin Pop0.187,0.852,195840,0.773,6mICuAdrwEjh6Y6lroV2Kg,3.05E-05,0.159,-2.921,0.0776,0.3252125,102.034,0.907,78,Spanish,Reggaeton0.141,0.743,202453,0.855,7JNh1cfm0eXjqFVOzKLyau,0.0045,0.099,-3.976,0.0436,0.29368125,96.989,0.871,78,Spanish,R&B0.394,0.637,228615,0.799,3p6hnejEQYXkiTO1lAzVc0,0,0.0921,-4.519,0.0338,0.34371875,104.995,0.562,78,Korean,K-pop0.379,0.737,153308,0.75,260R90ctQ1SiPax90PuEsT,0,0.131,-6.464,0.298,0.19971875,81.955,0.857,78,German,Hip Hop0.287,0.743,197968,0.73,4uP3pUP18ennmz0tb3GphR,8.10E-05,0.0778,-4.314,0.125,0.812325,179.972,0.15,79,Spanish,R&B0.165,0.855,226800,0.664,5Y9fnynLlIvqtM710MHzfz,3.97E-05,0.0937,-7.11,0.0607,0.30009375,98.015,0.626,79,Spanish,Latin Pop0.0204,0.849,201122,0.724,2RVrdr062uLFxXwIxwdXPH,5.98E-06,0.235,-4.139,0.0665,0.30003125,98.005,0.63,79,Spanish,Latin Pop0.0861,0.751,169567,0.642,2wVDWtLKXunswWecARNILj,0,0.0953,-5.165,0.087,0.28153125,95.045,0.388,79,Korean,K-pop0.159,0.626,187000,0.768,6VMAFT0zfide2Jg8MVZAPz,0.000186,0.0848,-4.653,0.166,0.1879125,80.066,0.753,79,German,Hip Hop0.39,0.766,231921,0.822,7DrluKkTviBwCc8AV3VGmf,3.37E-05,0.349,-4.126,0.16,0.7240125,165.842,0.881,80,Spanish,Reggaeton0.0564,0.807,311726,0.633,7rwX0O3RlxqqIjQM8evm5E,0,0.107,-6.016,0.0929,0.5502375,138.038,0.325,80,Spanish,Latin Trap0.266,0.817,215151,0.74,2wRkBumdItthjYP9XknImg,0,0.0992,-4.566,0.283,0.50025,130.04,0.674,80,Spanish,Latin Pop0.161,0.684,250840,0.811,5qFeMRz4TvetPmzjre9Dq7,0.000363,0.0871,-4.494,0.0714,0.2366625,87.866,0.721,80,Spanish,Reggaeton0.00267,0.557,242334,0.719,3aW0ds4A4tSQDIp75FqWTo,0,0.306,-4.515,0.0372,0.17188125,77.501,0.344,80,Korean,K-pop0.387,0.73,172321,0.725,4AgK0CwpwcekXVdAoYB2VO,0,0.153,-4.889,0.318,0.1853,79.648,0.625,80,German,Hip Hop0.165,0.792,201526,0.895,4QtiVmuA88tPQiCOHZuQ5b,0,0.0501,-3.112,0.0589,0.28105,94.968,0.794,81,Spanish,Reggaeton0.183,0.791,200480,0.848,6KuqAtoeVzxAYOaMveLNpH,0,0.409,-3.456,0.0506,0.28125,95,0.828,81,Spanish,Reggaeton0.483,0.704,195044,0.706,675w3ACw5xZR3ODhUJlEVN,0,0.0965,-5.233,0.111,0.26853125,92.965,0.856,81,Spanish,Latin Pop0.519,0.732,178000,0.583,7r55d7IhAj5UGKiYbXBwRP,1.97E-05,0.108,-6.766,0.125,0.3154,100.464,0.277,81,German,Hip Hop0.16,0.769,249609,0.838,0VKkyBKCXyR99navhVRqcP,0,0.0935,-5.238,0.0633,0.274975,93.996,0.602,82,Spanish,Latin Pop0.498,0.676,172767,0.844,5EKHbW7mXcAR4hCyS3YXjb,0,0.866,-3.396,0.109,0.68730625,159.969,0.716,82,Spanish,Latin Pop0.254,0.691,200747,0.71,1h9P5WJwyvK8OB7O2YiXgp,0,0.108,-5.144,0.334,0.8877875,192.046,0.726,82,Spanish,Reggaeton0.31,0.749,183753,0.752,62o8KoI44JfN7aYxgTnPvh,0,0.232,-4.883,0.345,0.81280625,180.049,0.901,82,Spanish,Latin Pop0.0543,0.777,221653,0.779,6jA8JUuPCGYjFcgw0AoM5T,0,0.636,-4.449,0.0972,0.27514375,94.023,0.768,82,Spanish,Latin Pop0.0231,0.744,205715,0.804,6De0lHrwBfPfrhorm9q1Xl,0,0.0494,-6.327,0.0677,0.34264375,104.823,0.426,82,Spanish,Latin Pop0.217,0.928,162997,0.402,5iIgIxtMNeogKaFUfvuAbs,3.38E-05,0.0957,-10.641,0.32,0.29985,97.976,0.578,82,German,Hip Hop0.292,0.886,219029,0.701,6qP73DRFGojLuIk1siIhNE,1.16E-05,0.0574,-3.504,0.141,0.3312625,103.002,0.823,83,Spanish,Hip Hop0.0662,0.77,172827,0.797,14f1n3XCW3fQhAODW0CwLK,3.81E-06,0.0858,-4.985,0.0693,0.31251875,100.003,0.393,83,German,Hip Hop0.146,0.592,209449,0.572,5NsCv3I7o0f6vSQScG01f1,0.000172,0.115,-8.974,0.185,0.713,164.08,0.315,83,German,Hip Hop0.0481,0.686,227476,0.807,2zDj4WjbNDmrRL6Z4YjjCA,0,0.0652,-3.324,0.0613,0.83731875,183.971,0.63,84,Spanish,Latin Pop0.589,0.825,327467,0.69,59PYgzOiOjGDzjDT5N5oOX,0,0.413,-4.252,0.226,0.2762125,94.194,0.516,84,Spanish,Latin Pop0.498,0.864,215963,0.426,5NPzbTzFxIQPaheZuPhn4f,0.000228,0.145,-8.392,0.0561,0.4997125,129.954,0.477,84,Spanish,Latin Pop0.275,0.63,203067,0.692,1mdJ39D1lrR3aWIOhgeNaE,0,0.167,-4.951,0.427,0.81173125,179.877,0.82,84,German,Hip Hop0.172,0.635,217822,0.902,4KkUjFkcQvGvWekl8RATDn,0,0.125,-3.559,0.109,0.32539375,102.063,0.286,85,Spanish,Hip Hop0.307,0.772,254383,0.732,2XXMDz7SPZ4mSFN1PXfHUy,5.14E-06,0.106,-3.713,0.213,0.3128,100.048,0.295,85,Spanish,Latin Trap0.354,0.791,188560,0.745,2ijef6ni2amuunRoKTlgww,2.93E-05,0.104,-3.695,0.0464,0.2750875,94.014,0.82,85,Spanish,Reggaeton0.048,0.632,198933,0.832,7uQmJ1jgNzBpATSoWKSPFu,0,0.0705,-1.948,0.154,0.82615,182.184,0.784,85,Spanish,Latin Pop0.122,0.786,163880,0.764,3ao3OVxHlb3C08vAaApUlm,0,0.102,-2.935,0.0798,0.25611875,90.979,0.913,85,Spanish,Latin Pop0.383,0.73,304859,0.648,7kuRvjpeUcn6qNV9IBXC2C,0.000112,0.103,-6.405,0.378,0.86244375,187.991,0.675,85,Spanish,Hip Hop0.327,0.7,235973,0.71,2IA8cFA46DkjgbsRG7kKbp,0,0.129,-4.835,0.0532,0.73731875,167.971,0.582,86,Spanish,Hip Hop0.542,0.903,417920,0.675,3V8UKqhEK5zBkBb6d6ub8i,1.28E-05,0.0595,-3.445,0.214,0.29066875,96.507,0.442,86,Spanish,Latin Pop0.556,0.826,236216,0.449,278kSqsZIiYp8p3QjYAqa8,1.85E-05,0.273,-8.33,0.0674,0.487675,128.028,0.337,87,Spanish,Hip Hop0.315,0.754,176133,0.805,48zFZh27QU5qsrBjn4C2FA,0,0.203,-4.249,0.0752,0.27489375,93.983,0.555,87,Spanish,Latin Pop0.22,0.834,193440,0.777,1OUPXna2MCgAt3VNmXJBtg,0.00609,0.335,-4.538,0.0593,0.4999,129.984,0.865,87,Spanish,Hip Hop0.616,0.8,228493,0.355,7dNwJbsT0sg1le5kVugGJb,0,0.118,-10.47,0.0895,0.59955625,145.929,0.253,87,Spanish,Reggaeton0.154,0.715,212493,0.872,1mT47pKLXUwPYGwB91GcNz,0.000146,0.11,-3.501,0.0547,0.29336875,96.939,0.682,87,Spanish,Reggaeton0.0441,0.724,256418,0.791,2ktoFujjJtantyMoVdBJlX,6.55E-06,0.239,-5.411,0.169,0.78756875,176.011,0.856,87,Spanish,Latin Pop0.0165,0.747,158800,0.74,2D3z17LBMJ2HEHeBFFjTLi,9.94E-05,0.101,-4.325,0.191,0.78786875,176.059,0.552,88,Spanish,Reggaeton0.374,0.83,237013,0.71,5KbBGUpIZd6gVFUU8tqYiQ,0,0.0877,-5.523,0.326,0.27485625,93.977,0.703,88,Spanish,Latin Pop0.184,0.8,226200,0.74,7BuHdm4lQqcyG3qTwdkxus,0,0.0558,-4.52,0.0479,0.25021875,90.035,0.775,88,Spanish,Latin Pop0.446,0.778,213913,0.731,4T4CZ3Q4z3GG7lU720YYhM,0,0.251,-4.325,0.0399,0.26244375,91.991,0.854,88,Spanish,Latin Pop0.291,0.788,207853,0.771,6MJUCumnQsQEKbCy28tbCP,5.62E-05,0.172,-3.206,0.0563,0.3064875,99.038,0.701,89,Spanish,Dancehall0.265,0.75,219357,0.665,3f5lA8nnc4YYF1qf78WpHw,0,0.0515,-3.083,0.124,0.28274375,95.239,0.697,90,Spanish,Dancehall0.113,0.805,219302,0.671,3g4UyIcQwutiG0TfW32GnX,0,0.278,-5.316,0.111,0.25611875,90.979,0.522,90,Spanish,Latin Pop0.148,0.771,164440,0.382,5BDP2tky8oMQJPS33frKVp,0,0.104,-6.808,0.0514,0.28081875,94.931,0.535,91,Spanish,Romantic0.437,0.79,190005,0.631,1LiN0Z98FkR1t0m8KmLcAH,0,0.158,-5.549,0.0425,0.27524375,94.039,0.889,91,Spanish,Latin Urban0.0446,0.877,231848,0.777,059bcIhyc2SBwm6sw2AZzd,3.46E-05,0.0863,-4.246,0.117,0.325125,102.02,0.706,91,Spanish,Latin Pop0.146,0.709,204453,0.771,0s5DNDV6LAKn2u2Ufa3VjQ,3.29E-06,0.249,-4.598,0.166,0.7750375,174.006,0.709,92,Spanish,Latin Pop0.404,0.541,158027,0.468,1WSGTYKLEpKfNQYYW5Oymt,3.65E-06,0.358,-4.039,0.362,0.2829125,95.266,0.69,92,Spanish,Electronic0.323,0.767,258639,0.709,6FyRXC8tJUh863JCkyWqtk,0,0.0676,-4.47,0.336,0.76245625,171.993,0.72,93,Spanish,Latin Pop0.153,0.841,212500,0.798,4w8niZpiMy6qz1mntFA5uM,3.33E-06,0.0618,-4.206,0.229,0.287175,95.948,0.591,93,Spanish,Electronic0.252,0.837,184436,0.791,31UjYv5vLsDkzchJOtUMtW,1.14E-06,0.188,-3.157,0.0773,0.262375,91.98,0.618,94,Spanish,Reggaeton0.753,0.688,360960,0.62,224EVTFiLsdQignUFLvDeH,5.27E-06,0.158,-8.029,0.22,0.7501125,170.018,0.727,94,Spanish,R&B0.0361,0.816,158400,0.754,7uH27oIt4a6cIFCA8ZPcyG,0,0.217,-2.75,0.111,0.3122875,99.966,0.533,95,Spanish,Reggaeton0.602,0.807,258800,0.803,5W83ErFkO3aKAIS1WMi6u0,0.00853,0.136,-4.156,0.126,0.26241875,91.987,0.706,95,Spanish,Latin Pop0.323,0.826,238200,0.773,5iwz1NiezX7WWjnCgY5TH4,0,0.143,-4.218,0.0524,0.48061875,126.899,0.761,96,Spanish,Latin Pop0.11,0.737,193227,0.86,5w9c2J52mkdntKOmRLeM2m,1.94E-06,0.0574,-2.652,0.0593,0.27493125,93.989,0.656,99,Spanish,Dancehall